{"services":[{"serviceType":"DM","description":"","commands":[{"commandName":"PUSH_COMMAND","responses":[],"paras":[]},{"commandName":"UPDATE_CONFIGURATION","responses":[],"paras":[]},{"commandName":"COLLECT_LOG","responses":[],"paras":[]},{"commandName":"UPGRADE_BUNDLE","responses":[],"paras":[]},{"commandName":"INSTALL_BUNDLE","responses":[],"paras":[]},{"commandName":"START_BUNDLE","responses":[],"paras":[]},{"commandName":"STOP_BUNDLE","responses":[],"paras":[]},{"commandName":"UNINSTALL_BUNDLE","responses":[],"paras":[]},{"commandName":"BUNDLE_SYNCHRONIZATION","responses":[],"paras":[]},{"commandName":"UPGRADE_FIRMWARE","responses":[],"paras":[]},{"commandName":"UPGRADE_SOFTWARE","responses":[],"paras":[]},{"commandName":"GET","responses":[],"paras":[]},{"commandName":"REST","responses":[],"paras":[]},{"commandName":"REBOOT","responses":[],"paras":[]},{"commandName":"DOWNLOAD_SWPACKAGE","responses":[],"paras":[]},{"commandName":"SWUPDATE","responses":[],"paras":[]},{"commandName":"DOWNLOAD_FWPACKAGE","responses":[],"paras":[]},{"commandName":"FWUPDATE","responses":[],"paras":[]}],"events":[],"properties":[{"enumList":[],"unit":"","min":"0","method":"R","max":"0","propertyName":"swVersion","dataType":"string","step":0.0,"maxLength":256,"required":true},{"enumList":[],"unit":"","min":"0","method":"R","max":"0","propertyName":"fwVersion","dataType":"string","step":0.0,"maxLength":256,"required":true}]}]}