{"devices":[{"manufacturerName":"asdasdsad","manufacturerId":"cb097d20d77b4240adf1f33d36b3c278","model":"abc","protocolType":"LWM2M","deviceType":"Smoke","serviceTypeCapabilities":[{"serviceId":"alam","serviceType":"alam","option":""},{"serviceId":"battery","serviceType":"battery","option":""},{"serviceId":"smokeConcentration","serviceType":"smokeConcentration","option":""},{"serviceId":"reportPeriod","serviceType":"reportPeriod","option":""},{"serviceId":"mute","serviceType":"mute","option":""},{"serviceId":"humidity","serviceType":"humidity","option":""},{"serviceId":"temperature","serviceType":"temperature","option":""},{"serviceId":"DM","serviceType":"DM","option":null}],"omCapability":{"fwUpgradeCapability":{"supportUpgrade":true,"upgradeProtocolType":"LWM2M"}}}]}