{"services":[{"serviceType":"smokeDetector","description":"","commands":[{"commandName":"ringAlarm","paras":[{"paraName":"duration","dataType":"int","required":false,"min":"0","max":"65535","step":0.0,"maxLength":0,"unit":null,"enumList":null,"extendparam":null}],"responses":[]}],"properties":[{"propertyName":"alarm","dataType":"int","required":true,"min":"0","max":"1","step":0.0,"maxLength":0,"method":"RW","unit":null,"enumList":null,"extendparam":null},{"propertyName":"smokeConcentration","dataType":"decimal","required":true,"min":"0.0","max":"100.0","step":0.0,"maxLength":0,"method":"R","unit":null,"enumList":null,"extendparam":null},{"propertyName":"temperature","dataType":"decimal","required":true,"min":"-30.0","max":"100.0","step":0.0,"maxLength":0,"method":"R","unit":null,"enumList":null,"extendparam":null},{"propertyName":"humidity","dataType":"int","required":true,"min":"0","max":"65535","step":0.0,"maxLength":0,"method":"R","unit":null,"enumList":null,"extendparam":null}],"events":[]}]}