{"services":[{"serviceType":"battery","description":"","commands":[],"events":[],"properties":[{"enumList":[],"unit":"","min":"0","method":"RE","max":"1","propertyName":"alarm","dataType":"int","step":0.0,"maxLength":0,"required":true},{"enumList":[],"unit":"","min":"0","method":"WE","max":"100","propertyName":"level","dataType":"int","step":0.0,"maxLength":0,"required":true},{"enumList":[],"unit":"","min":"0","method":"RWE","max":"100","propertyName":"threshold","dataType":"int","step":0.0,"maxLength":0,"required":true}]}]}